Private,Enroll,Top10perc,P.Undergrad,Outstate,Room.Board,Books,Personal,PhD,Terminal,perc.alumni,Expend,Grad.Rate
Yes,721,23,537,7440,3300,450,2200,70,78,12,7041,60
Yes,512,16,1227,12280,6450,750,1500,29,30,16,10527,56
Yes,336,22,99,11250,3750,400,1165,53,66,30,8735,54
Yes,137,60,63,12960,5450,450,875,92,97,37,19016,59
Yes,55,,869,7560,4120,800,1500,76,72,2,10922,15
Yes,158,38,41,13500,3335,500,675,67,73,11,9727,55
Yes,103,17,230,13290,5720,500,1500,90,93,26,8861,63
,489,37,32,13868,4826,450,850,89,100,37,11487,73
Yes,227,30,306,15595,4400,300,500,79,84,23,11644,80
Yes,172,21,78,10468,3380,660,1800,,41,15,8991,52
Yes,472,37,110,16548,5406,500,600,82,88,31,10932,73
Yes,484,44,44,17080,4440,,600,73,91,41,11711,76
Yes,290,38,638,9690,4785,600,1000,60,84,21,7940,74
Yes,385,44,28,12572,4552,400,400,79,87,32,9305,68
Yes,157,23,1235,8352,3640,650,2449,36,69,26,8127,55
Yes,220,9,287,8700,4780,450,1400,78,84,19,7355,69
Yes,418,83,,19760,5300,660,1598,93,98,63,21424,100
,423,19,281,10100,3520,550,1100,48,61,14,7994,59
Yes,322,14,326,9996,,900,1320,62,66,18,10908,46
No,1016,24,1512,5130,3592,500,2000,60,62,5,4010,34
Yes,252,25,23,15476,3336,400,1100,69,82,35,42926,48
No,1910,20,1035,6806,2540,96,2000,83,96,14,5854,70
Yes,219,20,767,11208,4124,350,1615,55,65,25,6584,65
,3761,24,7585,7434,4850,700,2100,88,93,5,4602,48
Yes,166,,182,8644,3922,,800,79,88,24,14579,54
No,951,12,939,3460,2650,450,1000,57,60,,,48
Yes,491,23,,12000,5920,500,500,93,93,30,7100,88
No,3070,25,1716,6300,3933,600,,85,91,18,6642,69
Yes,257,12,726,11902,4372,540,950,65,65,31,7836,58
Yes,497,36,38,13353,,540,821,,83,40,9220,71
Yes,306,21,300,10990,3244,600,1021,66,70,30,6871,69
Yes,295,42,15,11280,4342,400,1150,81,95,33,11361,71
,172,,538,9925,4135,,1350,59,67,11,6523,48
Yes,206,21,466,8620,4100,400,2250,58,68,21,6136,65
Yes,662,30,1460,10995,4410,1000,1000,68,74,20,8086,85
Yes,111,15,266,9690,4300,500,500,57,77,,,71
Yes,285,50,15,19264,,750,,98,98,30,13894,79
Yes,531,53,69,17926,8124,600,850,83,93,33,12580,91
Yes,279,,,11290,,600,1800,76,78,11,9084,72
Yes,2367,34,484,6450,3920,600,1346,71,76,38,7503,72
Yes,348,23,519,12850,5400,400,800,78,89,30,8954,73
Yes,308,39,605,8840,2950,750,,74,82,,6668,84
Yes,129,17,131,9000,4850,300,2480,78,85,10,7550,52
,481,28,623,7800,3664,650,900,61,61,19,7614,49
Yes,,26,81,16304,3616,355,715,87,95,26,12957,69
No,546,12,824,4425,,660,1800,57,62,16,3752,46
Yes,222,14,501,9550,3850,350,250,64,84,18,5922,58
Yes,114,25,2,21700,,600,500,35,59,33,16364,55
Yes,640,20,1533,13800,5510,630,850,87,87,,10941,82
Yes,480,37,,8050,3940,350,2375,80,80,17,10511,63
Yes,200,16,62,8740,3363,550,1700,62,68,29,7718,48
,122,19,101,8540,3580,500,1400,61,80,32,8324,56
Yes,104,11,74,6200,2900,600,800,63,63,13,7623,35
Yes,542,12,82,5188,3396,,2500,48,48,9,6817,58
Yes,287,67,207,11660,,400,900,74,79,34,8649,72
Yes,156,25,27,6500,2700,500,1000,76,76,53,8377,
No,1025,15,946,7844,2948,500,1680,66,68,19,7041,75
Yes,181,15,129,7150,4350,450,1500,61,67,3,6259,53
Yes,209,20,,9900,3990,400,900,76,71,19,9073,58
Yes,3810,45,3113,18420,6810,,1025,80,81,16,16836,72
Yes,418,76,8,19030,5885,1495,875,93,96,52,20447,96
,,14,1213,7452,3352,600,1700,81,89,14,,67
Yes,151,5,42,14080,6270,500,900,57,80,21,15387,46
Yes,1061,30,643,10870,4440,2000,1522,75,81,21,7671,85
Yes,740,48,62,19380,6750,410,1000,90,97,24,17150,84
Yes,158,12,479,9592,5879,500,700,71,80,12,5935,49
Yes,1202,10,822,4371,2370,500,2000,62,62,10,4900,18
Yes,155,16,430,10260,3597,600,1500,39,66,26,8355,58
Yes,292,22,55,10265,4725,560,875,68,73,24,8655,82
Yes,4615,48,1253,2340,,860,1220,76,76,40,7916,33
,1462,87,349,19528,5926,720,1100,99,100,39,20440,97
Yes,313,71,16,18165,6750,500,1200,100,,49,17449,89
Yes,862,49,31,18550,4750,800,1200,95,97,36,13675,93
Yes,,,442,,3797,450,950,62,69,10,6333,78
Yes,700,40,148,13130,4650,500,1600,77,81,29,9511,83
Yes,224,8,446,10518,6250,300,300,59,76,36,7117,71
Yes,213,17,868,8900,4600,425,1000,87,96,25,7922,55
Yes,247,23,432,12950,5300,612,576,72,74,,8985,60
,1650,47,,7380,4877,612,2091,72,81,13,8453,59
No,1483,5,1254,7706,4368,600,1926,90,90,8,7268,61
Yes,913,29,136,10230,,400,1210,75,81,41,7786,81
Yes,657,20,1204,7550,,600,500,77,,34,3739,63
Yes,298,25,184,6060,3070,600,1300,62,66,13,5391,49
Yes,753,16,434,10750,5340,400,1130,90,92,26,7972,64
Yes,449,34,960,13050,4000,500,800,64,69,27,9557,83
Yes,35,10,331,8400,2812,300,2134,10,50,24,7976,52
Yes,489,75,12,19292,3957,550,550,81,93,60,17960,91
Yes,1191,60,291,17900,5690,450,1250,86,93,31,24386,74
Yes,352,19,737,12200,3880,,930,74,81,25,7666,79
Yes,,27,239,8150,3150,400,500,61,62,16,6716,67
,434,20,580,13125,3775,500,1300,74,89,22,7364,62
Yes,713,71,513,15700,4730,525,1460,95,95,29,19733,67
No,363,9,294,7656,4690,400,700,89,91,8,6318,79
Yes,291,13,80,9270,4100,600,1860,75,82,27,8425,55
Yes,505,24,211,13712,6408,,1100,90,96,18,12751,75
Yes,527,9,12,9384,4840,600,500,22,47,20,7697,118
Yes,198,25,764,14340,5285,500,1000,58,83,39,10961,74
Yes,616,25,82,7344,,570,1000,50,52,34,6897,64
,90,12,526,11400,5400,500,760,41,85,20,9583,24
Yes,210,35,44,8950,3490,600,1900,86,92,25,9685,66
Yes,203,1,323,11230,6643,2340,620,8,58,4,13025,47
Yes,401,31,40,10938,,650,600,76,90,,8444,67
No,902,6,3881,5962,4444,500,985,69,73,4,4900,49
No,1436,10,1596,4620,3288,300,2250,69,80,4,5501,50
No,1007,,,7242,3603,654,1416,67,89,0,6413,51
Yes,88,8,33,8300,3080,600,600,62,62,18,3365,58
Yes,288,55,7,11850,4270,600,900,95,99,60,13118,74
Yes,351,23,209,16624,5895,600,1100,72,80,6,12692,47
Yes,91,28,148,13500,5230,400,850,95,98,37,16095,52
Yes,126,25,232,10335,5015,700,850,71,71,29,7729,73
Yes,51,33,3,8730,3600,400,800,92,92,17,10922,58
Yes,224,16,364,9300,3260,600,900,81,81,24,8129,63
No,428,3,1749,7860,4750,525,1889,80,82,16,4639,48
Yes,499,21,13,4412,2460,500,1000,69,69,31,7083,21
Yes,227,71,1,17000,6010,500,850,99,99,52,18443,87
Yes,457,30,296,17500,4200,500,950,94,95,35,11951,79
Yes,167,14,350,10740,3676,350,900,67,71,27,7963,74
Yes,557,35,53,15960,5580,700,1300,95,95,32,11659,77
No,2301,37,770,8116,3610,800,1618,82,88,17,7597,73
No,250,15,422,7168,3689,600,1900,67,67,9,4417,46
Yes,275,29,205,13925,4390,500,2200,73,86,32,10141,67
Yes,295,15,222,9888,4502,400,1000,64,77,39,8741,75
Yes,456,58,35,18930,5590,500,1000,83,94,41,15954,91
Yes,727,46,25,19510,5565,500,750,95,98,45,15494,93
Yes,317,29,493,10860,5760,550,900,56,62,23,8604,96
No,1265,22,1200,6120,3460,666,2316,73,78,18,4776,51
Yes,238,14,1232,9800,4430,400,1150,46,46,35,6889,100
Yes,177,23,432,11790,5770,500,1000,75,77,35,10015,83
Yes,97,11,331,12600,5520,630,2250,77,80,7,9773,43
,177,35,1983,11180,5620,,700,64,64,32,7477,75
,511,29,103,12247,4221,500,600,70,88,26,8847,72
Yes,186,23,562,12224,4440,450,1000,63,87,32,7315,77
Yes,122,34,968,10900,5250,380,1000,68,,23,9447,78
Yes,249,23,,9990,5666,800,1500,66,71,28,6084,64
Yes,,16,683,11138,4138,600,1200,40,74,7,8820,80
Yes,55,12,173,8300,4850,,1300,53,53,19,6936,76
Yes,278,29,275,11844,3696,450,1146,54,76,33,8996,72
Yes,659,70,22,18000,6300,400,900,92,96,55,12138,95
No,1217,68,134,11720,4298,600,800,89,92,31,9534,93
Yes,553,29,1,16240,,500,500,84,96,43,14140,69
Yes,490,56,7,17142,4190,450,1200,85,97,51,,84
,2194,29,1829,8412,4180,470,1800,87,89,10,7850,59
Yes,132,10,,8294,3700,400,900,87,87,2,5015,37
Yes,242,21,237,10425,3975,500,1500,61,77,34,8693,76
Yes,871,78,55,18624,6664,550,300,97,98,21,30639,99
Yes,139,13,181,10500,3750,450,950,69,75,18,6955,45
Yes,106,16,172,6900,3800,450,1825,67,76,9,6875,42
Yes,144,30,101,10800,4440,570,1515,55,60,13,8415,
Yes,186,22,145,9216,4191,400,1000,56,64,13,7309,75
Yes,438,42,232,18740,6300,600,500,86,95,40,14773,91
Yes,149,35,80,12050,3700,500,900,63,76,31,10965,75
Yes,383,33,10,15248,4323,550,800,71,76,31,10340,64
Yes,876,30,644,10628,4372,650,2055,85,90,32,22906,85
Yes,274,24,112,8000,3700,400,500,51,52,28,5807,51
Yes,398,26,122,6230,3526,400,600,42,44,4,8189,63
Yes,157,18,336,8920,4310,680,1320,68,68,42,6898,46
Yes,185,10,84,9130,3322,450,1450,46,51,25,8686,54
Yes,153,12,536,12292,4934,500,500,61,61,10,8643,72
Yes,1087,87,32,19545,6070,550,1100,95,99,49,29619,98
Yes,452,77,6,17295,5070,600,1011,95,97,46,17581,94
Yes,174,10,283,10850,3670,400,1159,58,60,19,7505,56
No,459,15,538,4528,1880,500,1200,49,63,16,5113,58
Yes,533,32,14,16900,4720,500,600,88,97,45,12423,81
Yes,495,50,36,14300,5020,550,950,78,94,31,11525,82
Yes,487,31,62,18700,5000,595,1250,87,94,39,13861,87
No,319,10,237,4486,2146,600,2000,50,64,28,4525,46
Yes,651,41,45,6700,3650,500,2307,52,52,12,7566,61
Yes,244,20,411,9570,3000,400,1000,67,72,42,6852,60
Yes,108,4,863,8310,5500,600,,43,,5,5480,54
Yes,328,25,56,9800,2650,450,2800,61,60,17,7325,87
Yes,410,9,2458,9000,3100,450,1413,77,78,7,11178,42
Yes,839,34,726,13420,4770,560,1675,88,93,24,9473,77
,321,56,87,18432,5616,520,660,93,97,28,14907,83
Yes,314,33,48,8730,3523,500,750,82,92,35,9303,67
Yes,1583,90,53,18590,5950,625,1162,95,96,44,27206,97
Yes,274,35,13,15036,4056,600,600,90,94,46,14634,78
No,2435,14,1687,7248,3240,500,1700,74,78,18,9002,58
No,1303,15,2640,5800,3000,600,2200,73,75,9,9825,42
,265,10,151,4950,2780,530,1500,62,62,7,5619,38
Yes,165,16,355,11190,4800,450,1230,60,60,22,8135,54
No,564,14,1531,5962,4316,650,500,71,76,14,5719,50
No,1565,12,845,5710,3066,120,1730,62,71,5,5682,76
Yes,227,19,59,9650,3800,600,1300,46,65,29,10188,82
Yes,200,17,30,8770,3500,450,700,58,58,17,6430,70
Yes,366,33,23,15360,4080,600,1000,82,89,26,15003,59
Yes,426,36,299,14190,4400,500,750,65,68,25,9815,81
Yes,345,27,502,14990,4980,,550,77,98,21,7502,64
Yes,125,23,436,11800,4765,450,1700,71,71,21,8952,86
Yes,858,11,334,9100,3883,490,1777,70,74,34,6329,63
Yes,958,14,856,7800,3750,570,3020,37,43,4,12878,44
Yes,226,30,32,8578,4408,700,1600,79,88,51,8061,82
Yes,1236,76,192,17600,6000,600,870,97,98,28,28457,96
No,853,43,588,5401,3144,450,1888,72,75,4,5527,50
Yes,167,47,35,10485,3840,475,1246,76,80,47,7527,67
Yes,113,36,16,10955,3450,330,670,62,87,31,9552,53
No,438,14,363,6297,4600,600,1323,75,78,14,8355,68
Yes,781,30,1037,15000,6200,700,1100,86,90,30,11220,94
No,452,1,617,6806,2550,350,766,75,75,10,6972,24
Yes,336,12,82,9400,4200,500,1600,53,58,9,7967,22
Yes,338,18,44,5120,3200,500,2140,52,60,9,3930,69
Yes,523,39,233,13900,4140,750,1500,90,90,7,8923,57
No,1071,42,9310,6597,2494,800,3028,81,96,20,6722,66
Yes,374,20,970,8025,4865,400,650,65,74,10,6339,68
No,3023,50,3242,6680,4060,600,1020,80,89,15,7250,58
Yes,126,16,337,8390,4100,350,1500,45,55,24,4607,62
Yes,942,30,1646,14235,6965,600,1735,86,97,14,10864,80
No,1123,16,486,6198,3320,500,2500,89,97,6,4362,46
No,819,13,436,5840,3138,400,2430,76,76,8,5039,43
Yes,228,22,242,9650,4400,600,1000,57,69,8,6336,83
Yes,281,29,68,10390,4040,525,1345,54,78,37,11751,60
Yes,446,3,1197,13320,4630,500,800,50,56,16,6418,51
Yes,314,20,50,5500,3340,600,1600,68,76,13,6078,62
Yes,146,51,63,9900,3670,630,1818,59,59,14,8095,54
Yes,685,56,175,13440,4048,600,1250,92,95,28,12940,82
Yes,678,24,691,10970,4280,500,1380,47,51,18,7711,65
Yes,332,18,374,8180,4270,500,500,65,58,12,5664,29
Yes,237,19,258,9476,4820,500,1100,67,67,26,6786,74
Yes,294,27,43,12500,4130,400,1050,53,53,22,7136,52
No,1727,17,3822,10800,4840,580,1050,93,96,7,6751,46
Yes,1492,38,1470,17450,6328,700,950,92,93,15,14745,72
Yes,286,30,48,8100,3950,550,550,73,76,28,7508,55
Yes,1390,71,406,18300,7131,670,1700,91,92,27,19635,95
No,2276,89,654,6489,4438,795,1164,92,92,33,11271,70
No,1238,9,9054,6744,2655,720,3450,87,89,10,7762,34
Yes,127,12,785,9150,3950,500,800,56,59,27,7348,76
Yes,575,42,46,19964,4328,500,500,94,95,32,14720,83
Yes,284,10,963,6120,2985,531,1830,25,25,4,6081,36
Yes,526,31,296,13000,4450,600,2400,78,90,32,9553,69
Yes,282,25,39,12200,4070,400,1200,73,82,32,9226,66
Yes,221,26,166,9420,3730,600,1230,51,56,46,10270,72
Yes,248,40,80,15588,6174,500,1200,78,90,34,16623,77
Yes,167,18,113,8958,3670,300,1000,53,59,26,9798,64
Yes,242,14,2281,9100,3100,550,880,51,61,24,5609,47
No,1561,20,2619,6108,3800,500,1000,64,66,9,5063,57
Yes,198,7,42,11750,2700,400,850,77,83,24,6475,76
Yes,176,10,314,8330,3770,550,1300,64,80,31,7949,39
Yes,194,20,53,10310,4530,400,800,57,61,16,8222,60
Yes,432,56,30,15688,4618,400,400,88,92,54,18979,83
Yes,573,57,35,5224,3048,525,350,65,65,18,4957,100
Yes,326,18,299,13404,5160,450,1050,78,86,30,9114,65
Yes,634,36,50,14125,3600,400,700,79,89,58,9907,80
Yes,104,30,1108,11000,5550,500,500,36,41,22,7483,96
Yes,454,40,24,19700,5050,300,800,91,96,60,17761,91
Yes,328,34,102,13252,4194,450,550,89,93,33,10296,65
Yes,307,20,1,13218,4773,660,600,95,97,53,12263,69
Yes,1433,25,740,7161,3518,600,2000,60,64,9,6791,70
Yes,317,33,15,8200,3485,500,1200,84,84,26,9248,64
Yes,350,16,334,6300,2980,700,2140,75,79,10,7054,38
Yes,806,35,213,5504,3528,700,910,71,77,37,6466,73
Yes,430,22,67,17480,4780,500,700,75,87,32,11625,73
Yes,1606,90,320,18485,6410,500,1920,97,97,52,37219,100
Yes,178,95,5,17230,6690,700,900,100,100,46,21569,100
Yes,262,22,37,9376,3272,500,1902,57,63,17,7335,52
Yes,274,52,6,8800,3195,500,1200,82,99,26,8588,63
Yes,347,35,42,11090,4700,400,750,80,80,31,12639,79
Yes,244,37,275,14067,4560,400,1000,75,95,34,12165,79
Yes,500,25,5,19029,5841,600,600,99,99,37,13040,79
Yes,1349,25,1350,11600,5920,1000,1000,81,90,10,10093,60
Yes,215,26,74,13470,5515,500,850,78,91,48,13957,72
Yes,176,36,399,13960,6040,450,690,82,88,34,12434,72
Yes,624,37,208,12275,4341,465,1100,72,81,40,9284,72
Yes,302,30,26,9990,3550,500,1500,85,90,24,8187,67
Yes,127,26,126,8080,3920,500,1100,63,72,9,7703,44
Yes,125,20,43,9950,3920,300,1300,76,76,25,9466,47
Yes,124,3,69,7260,3090,600,1840,31,35,4,9249,21
Yes,361,10,706,7800,4000,350,1500,36,44,4,4923,84
Yes,269,22,519,10500,4348,650,1500,81,91,29,8324,75
Yes,262,28,28,8050,3850,600,1000,75,75,30,7348,52
Yes,478,42,626,14550,4620,500,700,80,88,26,12851,56
No,2408,10,1823,7799,3403,537,2605,77,84,16,5569,54
Yes,471,55,23,14360,4090,400,650,77,92,34,9605,83
Yes,103,16,1305,10000,5364,500,1000,56,64,33,7305,69
Yes,386,16,556,8840,4689,750,2775,67,69,21,6095,95
No,3147,10,1949,6892,3706,600,2500,72,76,8,6996,40
No,5873,25,2717,9766,3990,600,2000,77,88,24,8686,68
Yes,366,20,707,9210,3782,700,1000,49,51,15,6562,34
Yes,913,13,1446,10690,6790,570,1150,66,83,14,8107,66
No,3441,26,1715,7550,3224,640,2055,81,88,22,8420,65
Yes,1368,23,166,14424,6192,634,1000,58,79,25,9812,75
No,2082,32,742,7994,4544,500,732,77,81,29,5212,98
Yes,262,14,71,7620,3050,400,400,51,53,21,3186,54
No,691,10,1394,3946,4800,400,1500,63,67,10,8367,26
Yes,284,24,99,6398,3672,400,1350,68,68,19,8118,75
Yes,820,27,392,11700,5550,600,450,89,90,28,7738,89
Yes,911,75,1569,18800,6740,500,1040,96,97,38,56233,90
No,279,3,345,7656,4690,500,624,80,91,15,6564,36
Yes,137,10,67,9414,4554,500,1700,34,55,30,7840,56
Yes,298,36,43,14850,4460,450,420,97,97,37,12067,80
No,2833,25,2246,6995,3120,600,2000,76,86,22,6122,54
Yes,148,16,258,8400,3250,500,1400,63,55,14,6535,68
No,822,5,776,7870,4157,500,1150,73,73,13,6195,61
Yes,175,20,121,8000,4150,500,1300,57,65,32,7058,62
Yes,408,44,1,19240,3690,750,480,95,95,46,14067,88
Yes,174,10,55,9600,4550,600,750,55,94,43,7863,51
Yes,381,20,541,10910,5160,400,1795,66,72,37,7649,87
Yes,142,34,44,8664,3350,600,3000,65,68,25,8954,65
Yes,286,48,24,15747,4062,400,800,88,95,33,13224,79
Yes,185,10,819,8842,4782,600,1100,57,73,14,7022,52
Yes,622,20,1662,12600,5610,450,3160,90,90,9,9084,84
Yes,572,36,226,18730,5740,600,1000,93,96,38,15365,92
Yes,177,15,363,6987,3585,750,1500,77,83,12,9067,75
Yes,271,31,20,16880,3970,920,1320,91,94,19,15687,77
Yes,231,24,1957,9400,4005,500,1000,49,65,25,4054,57
No,1043,10,4058,4752,3040,508,1463,48,82,12,5879,26
Yes,224,15,325,5170,3430,600,1590,61,61,10,5531,60
No,510,9,341,4938,2987,528,1702,67,77,11,6119,51
Yes,324,50,74,17163,3891,525,975,76,92,57,13965,77
Yes,425,21,558,11040,4840,400,900,89,92,28,8118,94
Yes,320,28,502,13850,4755,400,1125,84,84,30,8196,85
Yes,1092,40,132,18700,5580,750,1130,96,99,43,14665,91
Yes,259,25,166,10100,4000,400,1000,88,92,20,8539,66
Yes,82,12,336,11700,5300,550,805,71,88,18,8694,58
Yes,204,29,77,8840,4240,600,1400,58,70,23,6863,56
Yes,482,35,59,15800,4790,450,950,97,98,21,12999,69
Yes,395,12,1423,10560,4520,500,1200,36,48,10,7701,61
Yes,363,21,605,5950,2890,600,1300,67,72,35,5177,53
No,326,15,33,4818,3400,350,1400,71,72,8,10912,45
Yes,356,6,191,9200,4800,1000,4200,65,85,9,3480,100
Yes,458,48,840,13380,4210,500,900,89,91,34,8747,81
Yes,217,22,11,4400,3400,800,900,53,93,16,9268,92
No,651,17,325,7352,3620,225,500,47,55,14,6374,63
No,724,12,118,7920,3962,550,2200,74,80,23,5553,62
Yes,527,20,170,11200,4000,500,1200,61,62,24,7578,70
Yes,212,33,158,5150,3036,500,1655,64,74,11,7547,59
No,3079,29,3757,5925,2980,600,2242,83,87,11,6741,37
No,1525,22,1822,3957,2325,618,1656,66,77,13,4546,45
Yes,738,25,184,12990,6300,600,900,86,88,27,9448,80
Yes,753,42,436,13592,5916,545,1328,84,88,10,11677,84
Yes,719,24,761,11100,5870,600,750,77,88,14,9456,53
Yes,868,25,3417,11500,5330,700,2000,94,95,15,13009,65
Yes,587,38,85,13240,3560,600,400,73,85,38,8949,77
Yes,363,16,74,13900,4300,500,900,75,81,32,8024,72
Yes,366,3,280,12450,5400,450,870,62,66,24,8832,70
No,223,6,150,7320,4640,500,600,48,65,15,7114,51
Yes,452,56,113,15909,4772,500,700,85,91,37,14213,77
Yes,177,12,63,9620,3750,550,950,49,55,33,10642,59
Yes,428,21,246,9858,3700,450,1200,42,45,16,4796,55
Yes,239,23,51,10440,3850,525,1450,63,72,20,7940,64
Yes,563,20,254,12370,6800,500,1800,92,92,25,10062,79
Yes,212,21,150,14700,6550,450,400,97,97,24,11291,70
No,1547,9,1792,4300,2643,450,1660,57,68,11,5801,68
Yes,337,15,653,9400,3400,500,1100,37,37,21,5352,59
Yes,342,27,210,13850,3920,470,810,80,97,30,10223,96
Yes,830,12,658,10700,5925,550,1200,74,81,34,8408,69
Yes,1685,36,804,11610,4760,600,1950,86,94,25,9982,77
Yes,2007,14,2339,5094,4010,700,1560,77,86,10,6203,50
Yes,199,26,377,11200,7400,600,1300,66,79,50,10819,90
No,756,39,736,6490,4942,650,2102,75,80,30,5358,84
Yes,117,9,370,11510,6450,575,1075,71,93,30,10502,77
Yes,239,21,785,10200,7000,350,1100,63,76,20,10622,68
Yes,214,10,776,11390,5280,500,750,77,82,17,8575,55
Yes,176,26,128,11200,4208,500,1642,80,90,43,8317,51
Yes,169,26,1751,9250,4550,425,1350,52,58,13,5925,61
Yes,323,13,402,11040,4500,600,700,65,76,30,9034,66
Yes,1078,96,28,20100,5975,725,1600,99,99,35,33541,94
No,153,5,58,4486,2516,600,1900,68,68,11,6971,51
Yes,119,16,684,7680,3740,500,800,70,74,21,6652,52
Yes,187,25,477,6930,3452,400,1525,57,64,11,6383,32
Yes,93,11,80,7950,3750,600,2740,54,54,45,9754,48
Yes,564,37,1260,11985,4081,400,1500,93,95,15,8995,91
Yes,397,15,433,9813,4050,425,1000,45,63,29,7307,78
Yes,376,25,470,6720,3250,450,1520,77,82,33,6881,82
Yes,514,18,1084,12500,6200,375,1000,73,75,22,8707,80
No,891,6,911,5016,3798,540,2256,48,48,12,3871,59
Yes,607,30,53,10300,5080,475,1200,68,75,30,7762,89
No,3290,35,807,8856,3960,500,1382,81,89,20,7846,85
No,6180,23,4120,10658,3734,504,600,93,95,9,10520,71
No,1032,42,414,8127,3978,900,1200,82,82,25,7473,65
Yes,225,15,166,6840,3720,1100,4913,33,33,20,5524,49
No,960,22,1532,7844,3830,450,1258,72,74,20,7832,71
Yes,189,26,49,8200,3300,550,1000,63,69,16,8128,64
Yes,456,29,95,11910,4378,450,965,60,77,25,8149,75
Yes,319,32,179,11320,4402,550,1350,82,89,38,11218,58
Yes,496,36,884,11505,3255,1000,2075,35,46,23,7140,67
Yes,307,36,721,5580,2830,600,700,77,79,18,6170,61
No,1609,18,1621,9866,3084,480,1479,77,77,20,6223,53
No,380,19,1014,4386,2217,600,1500,49,54,8,5704,63
No,913,13,2200,3840,2852,200,400,52,54,9,4172,100
Yes,316,5,175,8550,5050,400,900,35,67,16,4333,27
Yes,204,28,11,13000,4100,400,460,91,91,43,11087,56
Yes,478,14,847,12480,5290,530,1740,70,85,15,9492,54
No,320,45,416,6073,3400,550,1400,71,71,31,6112,74
No,1779,15,993,5552,3710,550,2300,75,83,8,6324,37
No,865,19,3186,3648,4834,700,950,82,87,9,6717,58
Yes,103,10,20,8438,3372,500,2958,42,50,4,11989,15
No,1189,12,1075,4426,2664,600,1000,76,81,19,4795,60
Yes,303,23,485,14990,4730,550,1250,86,92,28,9566,74
Yes,722,41,153,7050,5490,250,600,71,74,10,8122,83
Yes,239,16,228,10520,3678,500,1000,48,68,32,8111,56
Yes,330,2,12,4515,2550,850,2100,53,60,34,6990,60
Yes,526,47,40,19300,5700,750,750,79,91,51,18359,84
Yes,126,17,435,6844,2980,500,500,45,55,38,5073,44
Yes,121,12,487,8950,3119,550,1125,51,51,26,7016,78
Yes,159,20,542,10500,3555,500,2285,44,50,30,6695,64
Yes,95,16,88,9900,3650,500,1200,32,37,43,6525,21
Yes,328,15,79,12850,6200,550,900,77,82,36,8536,80
Yes,238,14,429,7470,4600,250,1400,74,75,23,6898,88
Yes,113,37,466,12474,5678,630,1278,53,71,19,10613,72
Yes,458,26,144,12250,3530,400,1150,85,87,35,7215,81
Yes,334,18,94,7400,3346,600,600,57,57,7,6869,58
Yes,462,30,352,16975,4565,600,850,76,86,39,10888,83
No,1190,29,955,4738,3110,700,940,72,76,27,5972,52
Yes,375,24,70,13240,3914,600,800,73,85,27,9333,73
Yes,279,23,505,9090,4500,650,500,62,65,2,7905,71
Yes,266,36,471,10850,5150,550,800,77,93,24,8797,61
No,483,27,1646,8832,5376,700,1850,92,98,19,12529,72
No,233,40,411,5376,3214,600,1100,99,100,11,9241,34
Yes,2505,70,2814,17748,7262,450,1000,87,98,16,21227,71
Yes,154,14,36,10194,2600,500,1500,57,63,32,5788,83
Yes,467,65,334,10320,4762,450,650,68,100,20,7788,65
No,240,1,136,5542,4330,500,1000,65,71,17,6562,57
No,1429,12,871,6806,1780,600,1651,72,72,9,7090,44
No,3176,39,5481,8400,6540,600,1300,92,98,21,9670,62
Yes,195,7,84,8242,4230,600,1295,77,77,11,10090,52
Yes,308,30,766,11718,7398,450,1800,73,87,33,8871,76
No,1610,13,1128,5834,2744,600,2000,79,83,24,6310,42
Yes,176,19,156,12580,4345,400,970,76,79,24,10889,74
No,1620,36,266,4856,3416,400,1100,69,72,13,6601,76
Yes,2517,16,10221,13380,7425,600,1750,73,82,17,9563,46
No,1973,23,2682,6746,3728,620,2342,78,83,7,6157,41
No,2397,12,1979,7799,3296,470,1750,73,78,11,6086,56
No,1257,8,472,3735,3136,250,1630,62,65,23,5284,54
Yes,385,29,60,9840,2820,450,822,59,59,20,6261,58
Yes,366,22,52,9900,3075,300,1800,68,68,34,6357,68
Yes,1902,85,45,16404,5520,759,1585,96,100,25,26385,92
Yes,626,8,382,14134,5270,500,800,71,74,22,9209,63
Yes,107,15,311,9990,4900,400,600,44,47,26,4948,33
No,1173,16,3982,9114,4030,400,650,88,90,13,6637,53
Yes,678,50,120,19670,5820,575,1119,77,96,47,16593,83
Yes,370,52,35,16560,5140,558,1152,91,93,30,16196,79
Yes,186,56,377,12900,4340,600,4110,91,95,27,8568,67
Yes,669,35,66,15990,4080,600,825,73,78,31,9979,83
No,3183,21,1310,7629,4095,550,2300,79,87,13,8811,64
Yes,458,36,48,16732,5650,550,550,93,93,32,12011,75
Yes,484,35,705,5390,3140,515,1290,63,71,18,5511,50
Yes,351,22,228,6400,3150,500,1900,58,64,8,6578,45
No,2181,29,1658,5336,3344,800,3100,84,92,14,6433,48
Yes,428,26,936,12888,4440,420,840,62,68,30,8802,87
Yes,450,31,61,6530,2800,500,1500,63,67,10,6413,65
Yes,295,22,942,8530,3644,616,1576,56,64,25,7114,37
Yes,1522,37,4379,11000,5160,660,1115,90,95,10,10059,62
Yes,504,31,302,13312,4488,600,1516,78,78,23,9431,83
Yes,385,20,139,11925,3825,630,1926,48,87,12,9157,69
Yes,288,41,35,14210,3994,450,1100,76,76,22,11216,42
No,440,14,529,6360,2760,550,1498,77,77,5,6443,48
No,3450,48,2025,10645,4060,512,2394,77,96,19,8992,63
Yes,680,86,625,18200,6770,500,700,95,98,13,16185,66
No,458,10,457,2580,2624,500,900,48,100,24,4870,44
Yes,159,11,162,8640,3700,400,1915,62,62,13,7634,48
Yes,468,19,1042,11690,5062,600,1664,48,80,15,8028,68
Yes,174,19,83,10500,3860,600,940,58,64,19,8990,39
Yes,127,20,63,5640,3620,600,750,89,89,17,7309,31
Yes,169,28,100,6000,3000,500,500,48,57,14,5557,61
Yes,220,37,30,17688,5900,650,850,100,100,11,14820,73
Yes,428,20,217,10178,4190,800,750,71,71,19,7895,54
Yes,207,7,1402,9700,4830,400,1200,45,90,10,7652,66
Yes,302,58,214,16200,4200,436,2486,90,90,14,14329,62
No,1061,10,448,4290,3500,598,1582,55,93,1,5967,35
Yes,302,34,30,11859,3635,554,1429,80,85,42,8354,85
Yes,1153,90,146,19900,5910,675,1575,91,96,54,28320,99
Yes,973,20,1358,14400,6200,450,1100,66,74,35,8135,96
No,5874,29,4065,9556,3990,570,1060,86,86,15,8604,67
Yes,154,32,549,11020,4970,610,1900,73,75,36,9315,58
Yes,297,22,72,10100,4140,450,1080,69,71,32,6880,80
Yes,806,17,714,12030,6140,1000,500,63,73,33,8847,86
No,1742,15,472,6684,4110,500,900,73,83,9,4519,62
No,362,6,1938,4449,4860,600,1655,74,95,8,7333,47
Yes,306,21,27,13840,3735,400,900,77,80,38,11080,74
Yes,169,35,56,13970,6110,370,920,88,97,24,16358,68
Yes,327,47,61,19960,5490,500,450,90,90,37,15886,68
Yes,143,18,533,12700,5800,450,700,81,85,37,11758,84
Yes,936,53,16,17475,5976,1230,1100,94,98,21,15605,70
Yes,391,58,59,15200,4768,550,1500,90,96,47,13388,77
Yes,730,16,1309,13250,5420,700,3100,84,92,23,11299,70
Yes,211,28,28,15200,4100,350,650,87,90,49,12472,64
Yes,141,6,1196,9870,4860,600,1100,59,59,19,6744,81
Yes,437,27,239,13425,4425,450,1200,85,89,26,9405,72
Yes,345,22,754,9490,4100,500,1500,60,79,21,7519,79
Yes,270,11,118,8734,3362,600,625,56,78,27,6422,68
Yes,679,10,1489,12520,6050,500,730,44,54,8,7957,61
Yes,382,31,1052,16425,5220,955,750,81,85,23,11561,90
Yes,141,28,269,10950,4600,550,950,79,82,30,9264,81
No,695,21,3942,4356,4830,800,800,76,81,6,7252,51
No,4520,36,3712,7410,4748,690,2009,90,95,19,10474,77
No,232,27,1300,7411,4748,690,2009,90,95,12,10134,57
No,499,26,1886,7410,4748,690,2009,90,95,16,11878,58
Yes,509,19,1889,11070,5780,400,600,71,73,16,7120,82
Yes,276,12,390,10450,4020,500,1500,56,56,16,7444,70
Yes,514,15,94,12950,5400,450,1120,70,82,29,6719,97
No,1921,10,2206,4259,2625,350,1884,70,75,10,4629,58
Yes,85,13,247,8670,3820,450,1000,43,78,4,7440,48
Yes,284,21,451,10880,5050,400,1235,64,64,24,7344,69
Yes,444,18,72,12247,4081,500,600,76,85,38,9853,70
Yes,225,24,222,11200,4250,600,950,55,60,19,7360,67
Yes,217,12,2196,9985,5180,500,800,53,89,8,4322,85
Yes,776,39,1314,12750,6350,350,1690,84,90,13,8243,83
Yes,96,20,712,12200,4600,650,950,87,90,32,8680,76
Yes,956,44,1140,11690,4730,800,6800,84,94,19,18367,67
Yes,393,26,27,12730,4514,500,1525,74,95,31,11165,98
Yes,367,14,118,10800,3600,400,820,68,74,19,5081,78
Yes,88,23,768,10300,4130,500,1700,44,58,37,9678,75
Yes,463,16,106,13030,5860,500,750,79,88,34,10190,84
Yes,745,38,105,14350,3750,550,550,82,88,31,12502,83
Yes,530,23,1154,9408,5520,500,450,78,78,22,7669,53
Yes,278,19,182,10850,3936,500,900,62,64,31,8534,88
Yes,295,15,726,10860,4624,600,794,87,100,15,8953,55
Yes,120,23,45,10575,3952,400,620,46,24,9,8946,98
Yes,132,28,216,10475,6300,500,2000,68,68,46,9599,60
No,736,20,1027,5130,4690,600,1450,73,75,18,5125,56
Yes,691,34,402,8236,3700,569,1650,74,75,17,9533,61
No,2151,20,5550,8384,5110,612,2400,87,93,7,7930,41
Yes,888,40,128,13584,5928,630,1278,88,92,19,10872,100
Yes,263,57,105,19300,6694,600,700,89,93,18,14779,83
Yes,386,20,208,8325,5000,1200,1600,14,98,26,6874,55
Yes,131,19,99,8955,5900,500,1488,51,56,23,8545,52
Yes,139,60,7,17238,7350,600,800,95,100,41,18372,73
Yes,411,42,704,12669,4875,600,1250,83,85,20,10368,66
Yes,494,28,347,12825,4375,500,1500,85,85,16,10175,89
Yes,1000,16,1530,12000,6484,650,1000,81,84,15,10080,64
Yes,197,24,210,11240,4180,350,2000,71,71,37,10065,71
No,1116,14,300,7844,3504,450,1700,80,83,13,6719,72
Yes,165,23,111,7210,3600,500,2000,62,65,18,7356,58
Yes,628,24,616,10800,5100,575,1090,71,82,42,8189,100
Yes,183,10,287,9240,3880,475,1090,29,49,17,9431,47
Yes,295,23,160,16160,6950,500,1200,74,81,33,14086,79
Yes,300,27,602,11250,4980,550,1400,66,73,36,7411,70
Yes,211,13,271,8990,3064,500,1700,73,73,7,7881,48
Yes,591,25,263,18710,5970,500,700,87,92,29,14837,81
Yes,632,51,95,18820,6390,500,1050,85,97,44,21199,90
No,1701,13,1103,3811,2190,500,1970,62,65,29,5084,67
No,1408,18,1246,4680,3540,200,2150,75,76,8,5916,45
No,447,20,651,3738,2619,450,1022,55,59,9,4444,53
Yes,193,18,127,9520,4124,630,1818,63,65,11,8219,43
No,994,13,2550,5472,3598,221,2216,76,81,8,7498,43
Yes,1166,41,387,12772,5078,576,1802,74,88,17,12726,72
Yes,642,12,967,7070,2500,400,1000,52,54,13,4718,71
No,3204,15,3374,4740,2590,500,1360,70,75,11,4632,56
No,511,13,546,4285,2750,600,1800,58,75,31,6591,51
Yes,172,11,280,7536,3736,430,1651,44,77,12,5309,36
Yes,75,28,147,7200,3532,550,1500,56,56,12,7818,52
Yes,352,44,43,11850,4675,600,1050,83,89,35,12995,67
Yes,97,10,263,8400,2800,600,900,50,56,40,6860,89
Yes,443,47,107,7000,5565,660,2400,73,80,18,9988,65
Yes,181,15,353,8600,3550,385,665,48,48,9,10938,49
Yes,375,13,131,10456,4927,500,1050,91,91,32,9828,78
Yes,122,31,4,16150,5450,275,800,63,72,26,15622,64
Yes,354,19,677,10570,5600,400,800,86,81,29,7908,66
Yes,505,31,45,18720,5730,650,825,90,94,38,14980,85
Yes,63,5,574,11550,4270,300,500,43,77,8,9209,40
Yes,465,36,248,13332,6354,630,1584,88,89,17,9619,78
No,285,42,209,6800,4730,675,1250,84,89,23,10357,63
Yes,414,33,418,8678,3858,700,1736,82,83,7,7651,72
Yes,568,30,95,12140,4450,425,1100,74,78,36,8595,88
Yes,243,8,34,5000,3650,600,600,45,45,8,8426,45
Yes,215,10,815,8650,5700,500,1750,69,73,13,6534,67
Yes,194,17,388,13900,5200,450,2150,46,63,17,9995,59
Yes,489,37,81,12315,4565,600,1365,85,90,24,10307,73
Yes,380,51,11,16900,5680,450,750,89,89,33,12837,79
No,710,23,765,3040,4351,711,1125,78,92,7,5599,64
Yes,585,25,926,12170,6172,480,800,79,79,30,7495,97
No,1843,16,1231,6550,4355,700,1560,93,96,16,9075,74
No,1757,60,671,6550,4598,700,1000,83,100,15,8055,80
No,3087,36,3124,6550,4731,708,957,90,97,15,11177,56
No,1724,27,1351,6550,4712,600,1200,91,96,7,13705,57
No,904,7,1363,6550,4460,500,705,79,83,14,6632,49
No,1464,17,869,6550,4810,500,1500,69,85,21,5280,63
No,1025,8,2091,6550,4040,550,1230,71,78,12,7511,42
No,1036,6,346,6550,4680,630,1274,82,85,17,5563,53
No,814,13,298,6550,4420,620,1481,82,90,10,6442,66
No,1143,56,146,6550,4170,600,650,79,84,25,5716,76
No,656,19,1478,6550,4240,550,1500,85,93,8,6608,53
No,853,9,475,6550,4176,600,1380,80,90,16,6174,65
No,650,16,234,6840,4660,500,1000,71,75,17,6436,59
No,390,5,1441,6550,4760,1125,1362,80,100,8,8170,46
Yes,465,27,166,16130,4710,400,800,83,86,37,10554,90
Yes,146,36,41,14500,6000,500,600,91,99,48,18953,61
Yes,2442,28,117,15150,6870,635,960,73,84,13,14231,67
Yes,109,19,38,7850,3410,400,1500,55,70,15,7233,53
Yes,335,30,119,5666,2964,1000,1400,56,58,7,5970,46
Yes,437,41,81,10965,4000,450,1250,60,61,32,8294,98
Yes,99,7,237,7070,3640,400,3158,59,65,16,6286,36
No,6392,49,2798,5130,3412,600,2144,89,91,29,8471,69
No,243,22,134,4860,3122,600,650,103,88,16,6415,43
Yes,1195,33,660,8490,3320,650,2400,81,93,23,9158,64
Yes,215,27,429,7850,3410,490,1700,54,58,24,7002,50
No,2604,15,3101,7860,3360,600,1700,65,75,21,3605,10
Yes,279,19,392,6400,3484,600,1800,80,83,10,7936,43
No,611,12,292,7070,2439,400,779,95,94,17,7744,84
Yes,253,15,140,11172,4958,700,1350,68,76,16,9186,60
Yes,254,5,351,7600,3800,600,1200,59,74,40,5096,39
Yes,244,57,51,10900,4450,500,1000,81,91,41,10219,70
No,944,55,902,5391,5411,700,1000,81,87,6,8504,81
Yes,276,14,98,9456,4350,468,1323,53,53,24,7603,65
Yes,478,46,244,18810,5690,500,680,91,96,48,18034,91
Yes,100,19,639,11412,6430,500,900,89,93,37,11806,96
Yes,91,16,541,11010,5208,550,500,58,78,26,9586,78
Yes,601,62,95,12240,5150,500,490,94,96,20,14703,93
Yes,1223,47,1534,19040,5950,350,800,98,98,21,16920,74
Yes,145,12,40,7700,3400,450,800,70,70,28,4933,52
Yes,611,20,144,6735,3395,600,1425,70,74,7,10872,65
Yes,177,9,78,7800,2950,500,600,60,88,9,6864,64
Yes,528,49,123,18732,6204,450,1024,94,96,49,15411,88
No,1515,14,1472,6874,2394,518,1890,73,78,14,5901,56
No,938,24,4698,4440,5175,750,2200,96,96,16,16352,33
No,2133,25,1530,5028,3300,500,2000,73,89,10,6820,39
No,3215,95,2061,11648,6246,636,1933,93,97,10,13919,78
No,2478,85,864,12024,5302,790,1818,96,96,11,15934,66
No,1918,25,7152,6618,4234,700,1600,80,98,9,6742,46
Yes,204,22,611,9500,3540,400,750,26,58,10,7683,57
Yes,922,68,39,18930,6380,500,1254,99,99,36,36854,90
No,2408,26,2011,8907,4697,556,1851,89,95,6,13889,54
No,2064,23,1660,11656,5072,700,2300,89,95,16,10178,71
Yes,246,44,73,10760,6230,500,1200,85,93,26,8731,63
Yes,1507,26,665,11380,4220,500,900,81,85,25,8894,93
Yes,3252,22,4522,10220,4230,530,1300,82,87,15,10650,75
Yes,580,29,554,15192,4695,400,1350,84,91,21,11762,67
Yes,415,24,2217,11130,3996,600,2166,72,79,14,10891,51
Yes,137,11,131,10430,3620,400,1500,85,98,18,8767,45
Yes,694,35,407,11800,4340,700,960,60,81,26,7780,77
No,3623,54,3286,7090,4180,630,1530,88,97,20,14737,66
No,3320,43,2748,5697,3600,525,1755,88,95,22,7881,63
Yes,1194,11,1415,14220,6000,500,1440,61,76,9,10625,66
No,1627,36,2411,4460,3038,687,1281,85,87,6,12833,54
No,5705,52,911,7560,4574,500,1982,87,90,13,8559,81
No,2710,22,2916,7230,5088,630,3228,82,84,6,13883,34
Yes,388,26,1646,11120,4080,525,1405,55,56,23,6735,69
No,3681,25,1673,6994,3384,700,2681,88,94,17,9657,57
Yes,226,16,1522,13540,5050,630,2298,66,68,23,10139,47
No,1823,16,6198,6540,3600,530,2440,84,92,24,10207,31
No,438,20,344,6810,3970,450,1647,67,75,26,5712,59
No,172,17,317,6600,3680,600,400,46,46,4,5935,64
No,235,10,503,6600,3630,400,1675,67,67,11,6408,35
No,985,27,2592,8594,4408,494,2768,82,88,6,7618,55
No,3409,22,3991,8723,5146,550,1550,89,92,12,9021,63
No,3816,12,1940,8566,3897,500,1400,88,92,15,10276,68
No,1006,10,1630,6919,4500,500,1250,74,90,20,7462,56
Yes,1643,42,876,16500,6526,630,1985,82,94,17,17500,59
No,4893,66,1339,15732,4659,476,1600,90,98,26,14847,87
No,1656,15,1254,8828,3474,753,2610,79,91,11,6393,53
No,588,56,154,9843,3180,600,1500,74,78,16,6716,51
No,3524,26,21836,8949,3744,714,2910,88,90,37,16122,45
No,1669,26,804,4916,3810,600,550,81,86,14,6971,53
No,2940,32,1583,9057,3485,600,1983,87,87,15,10145,58
No,823,49,561,9057,3600,700,1435,88,88,23,9699,49
No,479,18,4552,7246,3964,500,4288,71,73,15,6433,48
Yes,269,17,301,6150,3680,550,1200,59,63,4,5412,52
No,570,18,331,4440,3030,300,600,72,72,8,5883,51
No,3526,33,3171,5595,3145,500,2070,86,92,48,6813,53
Yes,265,19,159,11450,5045,900,2500,72,75,13,9718,64
No,2529,24,1338,11180,3862,650,2450,89,87,16,7855,75
No,394,32,1078,5972,3420,600,750,77,83,11,7011,37
No,3331,75,1100,8400,4200,550,1200,88,93,23,15893,83
No,1730,19,3255,7248,3109,600,1900,79,91,7,6227,62
No,1500,15,1847,8677,3505,600,1300,75,94,17,7392,53
No,1449,15,1145,7558,3680,500,1500,82,85,15,6005,55
No,1652,20,1435,5634,2703,450,1200,97,97,16,9424,49
No,560,44,3588,6634,4360,600,2604,82,85,14,6104,47
No,2049,23,5134,4104,3579,450,1700,86,94,6,5657,35
No,1697,12,1498,7731,4128,540,2286,75,75,8,6309,40
No,1853,18,1448,6197,2930,595,2380,78,82,26,6333,77
Yes,1906,79,30,16850,4400,600,1350,96,92,46,13936,97
No,2233,32,2582,5173,3526,765,3176,86,90,11,10244,44
No,2546,25,1605,10602,3660,570,1530,79,87,13,8020,54
Yes,2464,85,531,17020,7270,500,1544,95,96,38,25765,93
No,2503,25,4289,10786,4560,400,900,93,93,10,13789,66
Yes,419,27,174,12040,4100,600,1100,92,96,17,9060,72
Yes,688,51,138,16230,4500,630,1800,79,86,17,11217,63
No,1968,12,2456,10330,5558,500,1250,84,89,7,9158,63
Yes,756,46,594,14500,3285,700,1125,75,89,32,11984,100
Yes,1243,56,438,17840,6582,500,882,93,99,23,26037,80
Yes,886,40,217,13600,5940,630,1820,93,96,13,10813,66
Yes,538,23,549,13226,6452,750,2450,86,86,8,10074,62
No,208,21,473,3687,1920,600,1800,67,77,3,3864,43
Yes,910,29,493,11584,5986,650,800,83,83,41,9131,92
No,377,14,1412,5800,3066,500,1500,62,62,3,5035,48
No,2328,30,3661,8074,3522,495,2941,84,88,18,8246,63
No,1876,29,10962,6760,3776,500,2180,84,89,7,11020,47
Yes,2477,45,1429,17230,6482,600,2210,90,94,10,17007,68
No,605,10,675,7100,4380,540,2948,63,88,0,5389,36
No,1292,8,2973,4973,3192,500,1425,56,65,21,4078,38
No,1046,20,1387,4652,2470,500,500,78,99,23,5917,45
Yes,828,26,982,11712,4037,500,800,80,80,13,8546,89
Yes,185,45,408,8550,4050,500,1344,75,75,17,7237,62
No,3013,27,3237,5764,3262,750,3300,86,92,22,8612,53
No,1448,19,8431,4422,2780,500,2850,73,73,4,4696,29
No,5329,48,5189,5130,3309,650,3140,91,99,11,7837,65
No,1686,17,5457,4104,5376,452,1200,94,100,3,4329,50
Yes,290,5,39,12520,3860,1300,700,16,59,9,11641,57
Yes,582,36,299,16320,5326,646,1171,87,94,14,13706,65
Yes,326,46,24,15350,4080,450,810,89,93,52,18784,82
Yes,696,41,433,11750,4160,1200,2350,94,96,10,11743,47
No,2400,27,8374,6857,3975,858,3093,89,93,9,9275,37
No,1735,18,1674,15516,4928,500,990,87,90,10,12646,79
No,2678,74,114,12212,3792,500,1000,90,92,22,13597,95
No,3343,40,4582,8199,4218,708,2172,96,94,10,16527,65
No,472,20,2477,6172,3994,541,1387,83,87,12,8488,53
No,1030,9,579,6704,2592,376,1750,78,78,17,6254,65
No,342,14,417,7032,2780,550,1960,75,81,15,6490,36
No,1472,12,1552,6950,2500,300,1200,90,95,16,5559,67
No,759,17,1347,6900,2800,475,1200,81,89,1,5968,46
No,4631,36,2200,9096,4290,535,1545,93,96,20,11006,72
No,1930,12,7443,8786,2964,570,1980,79,87,8,8094,38
No,1073,23,1488,5988,3422,600,1500,91,94,13,8745,45
Yes,192,10,1160,8840,3060,500,1000,69,75,19,3733,78
Yes,308,44,17,14900,5160,500,800,82,85,40,12082,79
Yes,86,21,717,9600,4202,450,750,39,69,15,7164,68
No,212,5,189,4286,2570,600,2000,39,41,25,4958,40
Yes,520,49,198,11800,3260,500,800,87,89,23,9681,95
Yes,1499,71,90,17865,6525,630,952,93,98,26,23850,83
Yes,653,53,77,18920,5950,600,800,90,98,39,17089,90
Yes,1477,30,1292,15925,6507,400,300,89,90,24,10458,96
No,1567,18,5065,10217,4182,500,3630,81,87,11,11183,45
No,704,2,338,5587,4845,500,600,61,63,11,5733,31
No,4277,29,604,10260,3176,740,2200,85,89,20,8944,73
Yes,453,19,67,7384,3494,500,1763,51,67,8,6757,30
Yes,287,20,417,10900,5100,500,550,70,81,14,7804,68
Yes,271,17,387,9140,3365,500,2245,51,65,31,8050,73
Yes,188,10,20,4450,2522,500,1200,43,43,3,5861,58
Yes,256,41,5,12925,4195,500,635,78,85,55,14904,72
Yes,417,10,117,13500,5800,585,1700,67,78,23,9006,75
Yes,903,75,172,13850,4360,500,1250,95,97,37,41766,89
Yes,477,27,497,8670,4180,500,1450,42,58,33,5738,68
Yes,112,25,7,10000,3052,400,1100,65,75,20,9430,63
Yes,345,34,105,11600,3610,400,850,66,91,37,7735,67
Yes,334,42,151,16260,4005,300,500,91,91,40,10162,86
Yes,425,68,3,13750,4619,680,1115,81,96,45,15736,90
Yes,214,31,46,15276,5318,500,300,79,86,37,10830,65
No,2440,31,1344,8200,4210,800,2719,84,87,30,10912,56
Yes,1254,62,1274,18350,5775,768,1512,91,98,31,45702,90
No,724,6,474,2700,2660,540,1660,60,68,29,4550,52
Yes,324,12,61,8840,3620,500,1200,57,58,26,6563,63
Yes,79,5,110,5590,2900,650,1952,53,63,4,4839,90
Yes,226,17,1550,9160,4340,500,500,68,68,14,6951,48
Yes,579,80,156,18345,5995,500,700,94,98,51,21409,91
Yes,130,40,19,14900,5550,600,500,93,98,42,13935,69
Yes,452,6,572,9850,6050,850,920,10,68,8,17858,64
Yes,350,10,448,9890,4674,500,1350,52,57,15,6243,84
Yes,712,60,27,19130,5600,1400,1400,90,94,39,16262,92
No,1372,11,1904,7844,4108,400,2000,76,79,16,6773,52
No,478,12,227,4470,2890,600,1210,33,33,10,4249,60
Yes,483,28,170,14200,3775,450,1100,58,81,42,8080,67
No,1057,11,706,6390,2380,110,1622,67,78,9,6554,55
Yes,278,31,98,14510,5340,500,1400,84,91,39,10026,60
No,2738,24,4278,6940,4100,500,1700,80,84,11,5983,55
Yes,409,7,1116,8994,5500,498,2065,74,97,15,8409,59
No,604,7,146,5918,3755,500,2050,76,79,4,4599,52
No,1549,30,506,8124,4144,639,2385,83,89,10,7203,61
No,825,3,941,5542,3788,500,1300,75,79,20,4222,65
Yes,184,20,37,10720,4050,600,1650,66,70,20,7925,62
Yes,377,29,72,12065,3615,430,685,62,78,41,8596,80
Yes,213,21,743,8820,4050,600,2025,68,83,34,7170,50
No,351,42,9,14320,5304,490,1410,77,77,17,8837,87
Yes,548,56,56,11480,4200,530,1400,81,83,40,11916,85
Yes,417,21,30,18460,5970,700,850,92,96,41,22704,71
Yes,213,15,305,10500,4545,600,600,66,71,27,7494,72
Yes,359,45,46,16670,4900,750,800,80,83,51,13198,72
Yes,344,35,30,16249,5699,500,1998,84,92,29,11778,52
Yes,372,43,160,12660,4500,678,2424,80,80,20,8328,80
Yes,502,24,2171,12350,5370,500,1350,88,86,19,9603,63
Yes,434,15,603,11150,5130,550,1260,78,92,24,8543,67
Yes,395,49,159,14800,4620,400,790,91,94,37,10779,68
Yes,315,32,75,10060,2970,500,2600,74,80,19,7885,59
Yes,227,17,120,10535,4365,550,3700,39,66,16,7438,52
Yes,526,81,29,19629,5790,500,1200,94,99,64,22014,99
Yes,46,16,676,11428,5084,450,475,67,76,43,10291,67
Yes,383,10,157,7820,3400,550,1550,69,81,8,7264,91
No,1301,20,872,4200,2700,300,1200,53,60,18,5318,58
No,769,24,670,6400,3392,580,2150,71,80,26,6729,59
Yes,75,17,22,9100,3700,500,1400,48,48,26,8960,50
Yes,575,42,144,15948,4404,400,800,82,95,29,10414,78
Yes,273,51,34,12680,4150,605,1440,91,92,42,7875,75
Yes,682,49,86,15884,5370,530,730,92,94,34,10774,82
No,543,4,2029,6797,3900,500,1200,60,60,14,4469,40
Yes,695,24,1107,11520,4960,600,1250,73,75,31,9189,83
Yes,695,34,166,6900,4200,617,781,67,75,20,8323,49
Yes,1317,95,83,19840,6510,630,2115,96,96,49,40386,99
Yes,691,28,1726,4990,3560,500,1250,75,75,28,4509,99
